success,message,data
True,,"{'highlightedComments': [""Thanks for having me. It‚Äôs inspiring to see how far research for Alzheimer's has come.""], 'highlightedCommentsActivityCounts': [{'text': ""Thanks for having me. It‚Äôs inspiring to see how far research for Alzheimer's has come."", 'totalReactionCount': 38, 'likeCount': 33, 'empathyCount': 5}], 'text': 'This afternoon, we welcomed Bill Gates as he toured labs at the Indiana University School of Medicine and met with key faculty members to learn more about the expansive Alzheimer‚Äôs disease research happening right here in Indianapolis.', 'commentUrl': 'https://www.linkedin.com/feed/update/urn:li:ugcPost:7231813250051383296?commentUrn=urn%3Ali%3Acomment%3A%28ugcPost%3A7231813250051383296%2C7234959305127444481%29&dashCommentUrn=urn%3Ali%3Afsd_comment%3A%287234959305127444481%2Curn%3Ali%3AugcPost%3A7231813250051383296%29', 'totalReactionCount': 3256, 'likeCount': 2855, 'appreciationCount': 13, 'empathyCount': 192, 'InterestCount': 9, 'praiseCount': 182, 'funnyCount': 5, 'commentsCount': 128, 'repostsCount': 180, 'postUrl': 'https://www.linkedin.com/feed/update/urn:li:activity:7234959317982920704/', 'postedAt': '2mo', 'postedDate': '2024-08-29 16:25:20.451 +0000 UTC', 'commentedDate': '2024-08-29 16:25:17.386 +0000 UTC', 'urn': '7234959317982920704', 'author': {}, 'image': [{'url': 'https://media.licdn.com/dms/image/v2/D4E22AQG4iJJgC8bKHw/feedshare-shrink_2048_1536/feedshare-shrink_2048_1536/0/1724198637528?e=1733961600&v=beta&t=Mm22PEAqGDW5gi1dtUdDVUqrCutPe-kJ-uBmZxku6SA'}, {'url': 'https://media.licdn.com/dms/image/v2/D4E22AQGYPTrCmCEIVQ/feedshare-shrink_2048_1536/feedshare-shrink_2048_1536/0/1724198637433?e=1733961600&v=beta&t=nD2cVkOhOZ6YmNWWxh5ZUIUf0JNQSKnp40V0KLi2KJI'}, {'url': 'https://media.licdn.com/dms/image/v2/D4E22AQH-t8Y-Ca-rhg/feedshare-shrink_2048_1536/feedshare-shrink_2048_1536/0/1724198637584?e=1733961600&v=beta&t=SzMDeFT1M7TxcDZaREMiGf34V82qZlBGDV8d4MIanD4'}, {'url': 'https://media.licdn.com/dms/image/v2/D4E22AQEKvrfszAtxsg/feedshare-shrink_2048_1536/feedshare-shrink_2048_1536/0/1724198638221?e=1733961600&v=beta&t=EI9UKv7QimUy3-NQ5r0YiyoDaph9fGuak7ygSMErd0g'}], 'company': {'name': 'Indiana University School of Medicine', 'url': 'https://www.linkedin.com/school/indiana-university-school-of-medicine/', 'urn': 'urn:li:fsd_company:3323'}, 'article': {}}"
True,,"{'highlightedComments': ['Thanks for having me. It was great to learn more about the research happening on campus.'], 'highlightedCommentsActivityCounts': [{'text': 'Thanks for having me. It was great to learn more about the research happening on campus.', 'totalReactionCount': 9, 'likeCount': 5, 'empathyCount': 2, 'praiseCount': 2}], 'text': ""I want to extend a sincere thank you to Bill Gates for visiting the Indiana University School of Medicine, where he explored our cutting-edge Alzheimer's disease research. We're grateful for his interest in our work and look forward to continuing our shared mission to improve human health."", 'commentUrl': 'https://www.linkedin.com/feed/update/urn:li:ugcPost:7232022914726866946?commentUrn=urn%3Ali%3Acomment%3A%28ugcPost%3A7232022914726866946%2C7234959219521691648%29&dashCommentUrn=urn%3Ali%3Afsd_comment%3A%287234959219521691648%2Curn%3Ali%3AugcPost%3A7232022914726866946%29', 'totalReactionCount': 1758, 'likeCount': 1474, 'appreciationCount': 16, 'empathyCount': 132, 'InterestCount': 1, 'praiseCount': 132, 'funnyCount': 3, 'commentsCount': 51, 'repostsCount': 62, 'postUrl': 'https://www.linkedin.com/feed/update/urn:li:activity:7234959225364344832/', 'postedAt': '2mo', 'postedDate': '2024-08-29 16:24:58.369 +0000 UTC', 'commentedDate': '2024-08-29 16:24:56.977 +0000 UTC', 'urn': '7234959225364344832', 'author': {'firstName': 'Pamela', 'lastName': 'Whitten', 'username': 'pamela-whitten-1b386516a', 'url': 'https://www.linkedin.com/in/pamela-whitten-1b386516a'}, 'image': [{'url': 'https://media.licdn.com/dms/image/v2/D5610AQFFmIdzU5SWbg/image-shrink_1280/image-shrink_1280/0/1724248622804?e=1731495600&v=beta&t=gnkJ4kxVh3FtqiFuTaBCBbjHYPnuGUZMoWiFV2hA8bI'}, {'url': 'https://media.licdn.com/dms/image/v2/D5610AQGBJMkZPNoeMw/image-shrink_1280/image-shrink_1280/0/1724248625756?e=1731495600&v=beta&t=q_qaKHOPZYk-dFqDqUQJDXxeHgT5T7M8f1kwgLfbs1k'}, {'url': 'https://media.licdn.com/dms/image/v2/D5610AQFqXc8q33Wzgg/image-shrink_1280/image-shrink_1280/0/1724248627457?e=1731495600&v=beta&t=_LxCG5wFcl-W5qXxY_61yDEqXZNt0KvKGD8QGg3MvVE'}], 'company': {}, 'article': {}}"
True,,"{'highlightedComments': ['Take a look at\xa0Breakthrough Energy CTO Eric Toone discuss the importance of clean firm generation in his recent talk at #BESummit24, Energy is Prosperity:\xa0https://b-gat.es/3LGfabb'], 'highlightedCommentsActivityCounts': [{'text': 'Take a look at\xa0Breakthrough Energy CTO Eric Toone discuss the importance of clean firm generation in his recent talk at #BESummit24, Energy is Prosperity:\xa0https://b-gat.es/3LGfabb', 'totalReactionCount': 90, 'likeCount': 80, 'appreciationCount': 2, 'empathyCount': 4, 'InterestCount': 1, 'praiseCount': 3}], 'text': ""It's great to see this bipartisan commitment to advance American leadership on clean energy.\xa0Resilient, reliable power‚Äîincluding from nuclear‚Äîis critical for economic growth, competitiveness, and our ability to build a better future."", 'commentUrl': 'https://www.linkedin.com/feed/update/urn:li:activity:7217541118656180225?commentUrn=urn%3Ali%3Acomment%3A%28activity%3A7217541118656180225%2C7217541477906685952%29&dashCommentUrn=urn%3Ali%3Afsd_comment%3A%287217541477906685952%2Curn%3Ali%3Aactivity%3A7217541118656180225%29', 'totalReactionCount': 2467, 'likeCount': 2260, 'appreciationCount': 23, 'empathyCount': 80, 'InterestCount': 50, 'praiseCount': 51, 'funnyCount': 3, 'commentsCount': 323, 'repostsCount': 95, 'postUrl': 'https://www.linkedin.com/feed/update/urn:li:activity:7217541492137979905/', 'postedAt': '3mo', 'postedDate': '2024-07-12 14:53:07.162 +0000 UTC', 'commentedDate': '2024-07-12 14:53:03.77 +0000 UTC', 'urn': '7217541492137979905', 'author': {'firstName': 'Bill', 'lastName': 'Gates', 'username': 'williamhgates', 'url': 'https://www.linkedin.com/in/williamhgates'}, 'company': {}, 'article': {'title': 'Biden signs bill bolstering nuclear power', 'subtitle': 'thehill.com', 'link': 'https://b-gat.es/4bF0UKb'}}"
True,,"{'highlightedComments': ['Thanks for a fascinating conversation!'], 'highlightedCommentsActivityCounts': [{'text': 'Thanks for a fascinating conversation!', 'totalReactionCount': 26, 'likeCount': 23, 'empathyCount': 2, 'praiseCount': 1}], 'text': 'Hey folks, We have a pretty exciting guest on the Next Big Idea podcast this week ‚Äî Bill Gates.\n\nThe topic? Artificial Intelligence, and how it will change our world. \n\nHere\'s a small sampling of the points Bill makes in this conversation:\n\n- Superhuman AI is coming. \n- There is no clear way to slow it down. \n- The technology available today is *already* a game changer. \n- We will all soon have intelligent agents that function as ""executive assistants, mental therapists, and friends.""\n- AI has the potential to help us solve the most intractable global problems, it has the potential to help us all get along better, and it\'s likely to deliver us to a world of superabundance. But it also poses ""novel"" threats, given the pace of it\'s acceleration and the lack of ""clear upper bound"" of it\'s capability. \n\nListen on Apple or Spotify ... I look forward to discussing with you in the comments below!\n\nhttps://lnkd.in/enx2qmNU\n\nhttps://lnkd.in/e9cPaxtG\n\nhttps://lnkd.in/enx2qmNU', 'commentUrl': 'https://www.linkedin.com/feed/update/urn:li:ugcPost:7212156560167366656?commentUrn=urn%3Ali%3Acomment%3A%28ugcPost%3A7212156560167366656%2C7213279873539137537%29&dashCommentUrn=urn%3Ali%3Afsd_comment%3A%287213279873539137537%2Curn%3Ali%3AugcPost%3A7212156560167366656%29', 'totalReactionCount': 114, 'likeCount': 98, 'appreciationCount': 1, 'empathyCount': 7, 'InterestCount': 4, 'praiseCount': 3, 'funnyCount': 1, 'commentsCount': 23, 'repostsCount': 2, 'postUrl': 'https://www.linkedin.com/feed/update/urn:li:activity:7213279886646337536/', 'postedAt': '4mo', 'postedDate': '2024-06-30 20:39:01.236 +0000 UTC', 'commentedDate': '2024-06-30 20:38:58.112 +0000 UTC', 'urn': '7213279886646337536', 'author': {'firstName': 'Rufus', 'lastName': 'Griscom', 'username': 'rufus-griscom-16b1', 'url': 'https://www.linkedin.com/in/rufus-griscom-16b1'}, 'company': {}, 'article': {'title': 'A Conversation With Bill Gates About the Dawn of Superhuman AI', 'subtitle': 'Rufus Griscom on LinkedIn ‚Ä¢ 3 min read', 'link': 'https://www.linkedin.com/pulse/conversation-bill-gates-dawn-superhuman-ai-rufus-griscom-0ssse?trackingId=Ok5RaicIW6nGRpBo%2B2lsPA%3D%3D'}}"
True,,"{'highlightedComments': ['Sal Khan The early days of a new use case for technology are always interesting‚Äîit‚Äôs exciting to hear the positive feedback so far!'], 'highlightedCommentsActivityCounts': [{'text': 'Sal Khan The early days of a new use case for technology are always interesting‚Äîit‚Äôs exciting to hear the positive feedback so far!', 'totalReactionCount': 11, 'likeCount': 10, 'praiseCount': 1}], 'text': 'No technology is a silver bullet for education. But I believe AI can be a game-changer and great equalizer in the classroom.', 'commentUrl': 'https://www.linkedin.com/feed/update/urn:li:ugcPost:7208875483386585090?commentUrn=urn%3Ali%3Acomment%3A%28ugcPost%3A7208875483386585090%2C7208880439405551617%29&replyUrn=urn%3Ali%3Acomment%3A%28ugcPost%3A7208875483386585090%2C7209019730509131777%29&dashCommentUrn=urn%3Ali%3Afsd_comment%3A%287208880439405551617%2Curn%3Ali%3AugcPost%3A7208875483386585090%29&dashReplyUrn=urn%3Ali%3Afsd_comment%3A%287209019730509131777%2Curn%3Ali%3AugcPost%3A7208875483386585090%29', 'totalReactionCount': 4964, 'likeCount': 4600, 'appreciationCount': 102, 'empathyCount': 145, 'InterestCount': 58, 'praiseCount': 42, 'funnyCount': 17, 'commentsCount': 2366, 'repostsCount': 279, 'postUrl': 'https://www.linkedin.com/feed/update/urn:li:activity:7209019760003477505/', 'postedAt': '4mo', 'postedDate': '2024-06-19 02:30:47.895 +0000 UTC', 'commentedDate': '2024-06-19 02:30:40.863 +0000 UTC', 'urn': '7209019760003477505', 'author': {'firstName': 'Bill', 'lastName': 'Gates', 'username': 'williamhgates', 'url': 'https://www.linkedin.com/in/williamhgates'}, 'company': {}, 'article': {}}"
True,,"{'highlightedComments': ['This picture is from Helsing√∏r, Denmark. Helsing√∏r, also known as Elsinore, is home to Kronborg Castle, the setting for Shakespeare‚Äôs Hamlet.'], 'highlightedCommentsActivityCounts': [{'text': 'This picture is from Helsing√∏r, Denmark. Helsing√∏r, also known as Elsinore, is home to Kronborg Castle, the setting for Shakespeare‚Äôs Hamlet.', 'totalReactionCount': 893, 'likeCount': 786, 'appreciationCount': 6, 'empathyCount': 68, 'InterestCount': 24, 'praiseCount': 9}], 'text': '""To thine own self be true:‚Äù I can never stop reading, even when I\'m traveling for work.', 'commentUrl': 'https://www.linkedin.com/feed/update/urn:li:activity:7193364356628111361?commentUrn=urn%3Ali%3Acomment%3A%28activity%3A7193364356628111361%2C7193364419173572608%29&dashCommentUrn=urn%3Ali%3Afsd_comment%3A%287193364419173572608%2Curn%3Ali%3Aactivity%3A7193364356628111361%29', 'totalReactionCount': 17435, 'likeCount': 16144, 'appreciationCount': 102, 'empathyCount': 781, 'InterestCount': 69, 'praiseCount': 311, 'funnyCount': 28, 'commentsCount': 745, 'repostsCount': 284, 'postUrl': 'https://www.linkedin.com/feed/update/urn:li:activity:7193364433568518144/', 'postedAt': '5mo', 'postedDate': '2024-05-06 21:42:07.211 +0000 UTC', 'commentedDate': '2024-05-06 21:42:03.78 +0000 UTC', 'urn': '7193364433568518144', 'author': {'firstName': 'Bill', 'lastName': 'Gates', 'username': 'williamhgates', 'url': 'https://www.linkedin.com/in/williamhgates'}, 'image': [{'url': 'https://media.licdn.com/dms/image/v2/D5622AQHohFQcopa3gA/feedshare-shrink_2048_1536/feedshare-shrink_2048_1536/0/1715031707830?e=1733961600&v=beta&t=ZblNmzjJs8zmqeyjRfFQZsbuYLJjIKQDXEaUhe542aU'}], 'company': {}, 'article': {}}"
True,,"{'highlightedComments': ['You can read more about the vital role of transmission in achieving net zero here: https://b-gat.es/44uRgrv'], 'highlightedCommentsActivityCounts': [{'text': 'You can read more about the vital role of transmission in achieving net zero here: https://b-gat.es/44uRgrv', 'totalReactionCount': 79, 'likeCount': 71, 'appreciationCount': 4, 'empathyCount': 1, 'InterestCount': 3}], 'text': ""The electric grid is essential to the clean energy transition, but our existing system isn‚Äôt cutting it. With increasing demands, it's time to use new technologies to get more out of our existing grid‚Äîlike replacing power lines with advanced conductors‚Äîwhile we expand the grid to meet the needs of the 21st century."", 'commentUrl': 'https://www.linkedin.com/feed/update/urn:li:activity:7192551934417854464?commentUrn=urn%3Ali%3Acomment%3A%28activity%3A7192551934417854464%2C7192552110272532480%29&dashCommentUrn=urn%3Ali%3Afsd_comment%3A%287192552110272532480%2Curn%3Ali%3Aactivity%3A7192551934417854464%29', 'totalReactionCount': 3652, 'likeCount': 3368, 'appreciationCount': 54, 'empathyCount': 42, 'InterestCount': 153, 'praiseCount': 31, 'funnyCount': 4, 'commentsCount': 390, 'repostsCount': 204, 'postUrl': 'https://www.linkedin.com/feed/update/urn:li:activity:7192552146611892224/', 'postedAt': '6mo', 'postedDate': '2024-05-04 15:54:22.909 +0000 UTC', 'commentedDate': '2024-05-04 15:54:14.246 +0000 UTC', 'urn': '7192552146611892224', 'author': {'firstName': 'Bill', 'lastName': 'Gates', 'username': 'williamhgates', 'url': 'https://www.linkedin.com/in/williamhgates'}, 'company': {}, 'article': {'title': 'The U.S. Urgently Needs a Bigger Grid. Here‚Äôs a Fast Solution.', 'subtitle': 'nytimes.com', 'link': 'https://b-gat.es/3QywotQ'}}"
True,,"{'highlightedComments': ['Congratulations, Paulin. Thank you for\xa0your continued commitment to global development across the continent. Looking forward to continuing our work together in the years ahead.\xa0'], 'highlightedCommentsActivityCounts': [{'text': 'Congratulations, Paulin. Thank you for\xa0your continued commitment to global development across the continent. Looking forward to continuing our work together in the years ahead.\xa0', 'totalReactionCount': 20, 'likeCount': 18, 'empathyCount': 2}], 'resharedPost': {'text': 'I am pleased to announce the appointment of Dr. Paulin BASINGA as the new director, Africa at the Bill & Melinda Gates Foundation.\xa0 \n\nPaulin is a 12-year veteran of the foundation and brings extensive experience and insights into building and strengthening partnerships across Africa. He‚Äôll be based in Nairobi, Kenya when the foundation‚Äôs office opens there. \n\nOver the course of his tenure at the foundation, he led strategic initiatives across our programmatic and country priorities, advanced policy and advocacy objectives in support of the foundation‚Äôs health, development, and gender equality goals, previously led the foundation‚Äôs Nigeria Country Office, and served as director, Health for our work in Africa. \n\nPaulin is a dynamic leader and trusted partner of country governments, donors, and grantees. I look forward to Paulin leading the Africa team as we work in partnership with many others to advance ambitious health and development goals in Africa.', 'author': {'firstName': 'Chris', 'lastName': 'Elias', 'username': 'chris-elias-3971605', 'url': 'https://www.linkedin.com/in/chris-elias-3971605'}, 'image': [{'url': 'https://media.licdn.com/dms/image/v2/D5622AQF4NVs23nF_Tw/feedshare-shrink_2048_1536/feedshare-shrink_2048_1536/0/1709298019594?e=1733961600&v=beta&t=b3SYN5CClQOAIT3TeJz9w8CQzMGfQD2DQjSRZp2pfG8'}], 'company': {}, 'document': {}, 'celebration': {}, 'poll': {}, 'article': {}, 'entity': {}}, 'text': ""I'm thrilled to embark on a new chapter as the Africa Director at the Bill & Melinda Gates Foundation. \n\nFor 12 years, I‚Äôve been privileged to contribute to health and development initiatives, working alongside our inspiring partners to tackle the world‚Äôs most pressing development challenges.\n\nNow, I‚Äôm honored to take on a new challenge leading our remarkable teams in Africa. I‚Äôm committed to finding innovative solutions to improve health outcomes, promote gender equality and financial inclusion, and build climate resilience and sustainable development. \n\nTogether with our partners and many governments we work with, we‚Äôll champion innovative solutions, drive real progress, and advance the foundation‚Äôs mission of creating a world where everyone has the opportunity to live a healthy, productive life. \n\n#Leadership #Impact"", 'commentUrl': 'https://www.linkedin.com/feed/update/urn:li:activity:7169353590866690049?commentUrn=urn%3Ali%3Acomment%3A%28activity%3A7169353590866690049%2C7170557620066377728%29&dashCommentUrn=urn%3Ali%3Afsd_comment%3A%287170557620066377728%2Curn%3Ali%3Aactivity%3A7169353590866690049%29', 'totalReactionCount': 894, 'likeCount': 619, 'appreciationCount': 6, 'empathyCount': 57, 'InterestCount': 1, 'praiseCount': 211, 'commentsCount': 266, 'repostsCount': 20, 'postUrl': 'https://www.linkedin.com/feed/update/urn:li:activity:7170557663863398400/', 'postedAt': '8mo', 'postedDate': '2024-03-04 23:16:09.584 +0000 UTC', 'commentedDate': '2024-03-04 23:15:59.142 +0000 UTC', 'reposted': True, 'urn': '7170557663863398400', 'author': {'firstName': 'Paulin', 'lastName': 'BASINGA', 'username': 'paulin-basinga-88309176', 'url': 'https://www.linkedin.com/in/paulin-basinga-88309176'}, 'company': {}, 'article': {}}"
True,,"{'highlightedComments': ['It‚Äôs 99%! This is just one example, among many Hannah Ritchie shares in her book and on my podcast that proves we can successfully tackle environmental challenges‚Äîbecause we already have. You can listen to our full conversation here:\xa0https://gatesnot.es/3HVeugc'], 'highlightedCommentsActivityCounts': [{'text': 'It‚Äôs 99%! This is just one example, among many Hannah Ritchie shares in her book and on my podcast that proves we can successfully tackle environmental challenges‚Äîbecause we already have. You can listen to our full conversation here:\xa0https://gatesnot.es/3HVeugc', 'totalReactionCount': 1291, 'likeCount': 1004, 'appreciationCount': 9, 'empathyCount': 59, 'InterestCount': 86, 'praiseCount': 130, 'funnyCount': 3}], 'text': 'Remember the ozone layer that once dominated all our headlines?', 'commentUrl': 'https://www.linkedin.com/feed/update/urn:li:ugcPost:7161761632195469312?commentUrn=urn%3Ali%3Acomment%3A%28ugcPost%3A7161761632195469312%2C7161761865272942592%29&dashCommentUrn=urn%3Ali%3Afsd_comment%3A%287161761865272942592%2Curn%3Ali%3AugcPost%3A7161761632195469312%29', 'totalReactionCount': 3755, 'likeCount': 3379, 'appreciationCount': 36, 'empathyCount': 100, 'InterestCount': 153, 'praiseCount': 60, 'funnyCount': 27, 'commentsCount': 687, 'repostsCount': 176, 'postUrl': 'https://www.linkedin.com/feed/update/urn:li:activity:7161761894305845248/', 'postedAt': '8mo', 'postedDate': '2024-02-09 16:44:54.704 +0000 UTC', 'commentedDate': '2024-02-09 16:44:47.782 +0000 UTC', 'urn': '7161761894305845248', 'author': {'firstName': 'Bill', 'lastName': 'Gates', 'username': 'williamhgates', 'url': 'https://www.linkedin.com/in/williamhgates'}, 'company': {}, 'article': {}}"
True,,"{'highlightedComments': [""Congratulations, Chris. I can't wait to read this book‚Äîand for all your readers to learn just how contagious\xa0kindness can be.\u200b""], 'highlightedCommentsActivityCounts': [{'text': ""Congratulations, Chris. I can't wait to read this book‚Äîand for all your readers to learn just how contagious\xa0kindness can be.\u200b"", 'totalReactionCount': 150, 'likeCount': 131, 'appreciationCount': 2, 'empathyCount': 11, 'InterestCount': 4, 'praiseCount': 2}], 'text': ""I'm so happy that after a three-year labor of love this is book is finally published. It argues that the combination of new findings in psychology and the incredible connectedness of the modern world create a new way to think about generosity. One that just might help turn the tide on today's mean, cynical, angry, divided culture.  Seems daunting... Maybe crazy...  But if kindness can go viral, all bets are off.  \n\nI truly believe that any forward-leaning company can benefit from brainstorming its own generosity strategy.  And yes, I use the word strategy very deliberately. \n\nI really hope some of you will get a chance to read this. And I would be fascinated to hear what you make of it.  You can find links to the seller of your choice at https://lnkd.in/edg6JzZM  \n(also a link to our delightful new generosity AI!)\n\nP.S. All proceeds from the book go to support the mission of TED, the nonprofit where I've been joyfully volunteering these past 20 years."", 'commentUrl': 'https://www.linkedin.com/feed/update/urn:li:activity:7155582506279292928?commentUrn=urn%3Ali%3Acomment%3A%28activity%3A7155582506279292928%2C7155613786916147200%29&dashCommentUrn=urn%3Ali%3Afsd_comment%3A%287155613786916147200%2Curn%3Ali%3Aactivity%3A7155582506279292928%29', 'totalReactionCount': 992, 'likeCount': 770, 'appreciationCount': 11, 'empathyCount': 95, 'InterestCount': 6, 'praiseCount': 108, 'funnyCount': 2, 'commentsCount': 110, 'repostsCount': 61, 'postUrl': 'https://www.linkedin.com/feed/update/urn:li:activity:7155613805123661824/', 'postedAt': '9mo', 'postedDate': '2024-01-23 17:34:36.017 +0000 UTC', 'commentedDate': '2024-01-23 17:34:31.677 +0000 UTC', 'urn': '7155613805123661824', 'author': {'firstName': 'Chris', 'lastName': 'Anderson', 'username': 'chris-anderson-3b2a05bb', 'url': 'https://www.linkedin.com/in/chris-anderson-3b2a05bb'}, 'image': [{'url': 'https://media.licdn.com/dms/image/v2/D4E22AQFIL-RAcO21GQ/feedshare-shrink_2048_1536/feedshare-shrink_2048_1536/0/1706023811120?e=1733961600&v=beta&t=Cq9TQVcYtkczT_QFonZ4t9WpIwBelStcsjBD0tMHAMA'}], 'company': {}, 'article': {}}"
True,,"{'highlightedComments': [""Here's an in-depth look:\xa0https://b-gat.es/46bJe6i""], 'highlightedCommentsActivityCounts': [{'text': ""Here's an in-depth look:\xa0https://b-gat.es/46bJe6i"", 'totalReactionCount': 58, 'likeCount': 50, 'appreciationCount': 2, 'empathyCount': 1, 'praiseCount': 4, 'funnyCount': 1}], 'text': ""The case for climate action is clear. Fortunately, we've made tremendous progress innovating across every area of emissions. Solutions to these challenges are within our reach if we double down on investing in human ingenuity."", 'commentUrl': 'https://www.linkedin.com/feed/update/urn:li:activity:7150892036320055297?commentUrn=urn%3Ali%3Acomment%3A%28activity%3A7150892036320055297%2C7150892340058963968%29&dashCommentUrn=urn%3Ali%3Afsd_comment%3A%287150892340058963968%2Curn%3Ali%3Aactivity%3A7150892036320055297%29', 'totalReactionCount': 1303, 'likeCount': 1163, 'appreciationCount': 34, 'empathyCount': 20, 'InterestCount': 64, 'praiseCount': 18, 'funnyCount': 4, 'commentsCount': 201, 'repostsCount': 70, 'postUrl': 'https://www.linkedin.com/feed/update/urn:li:activity:7150892363278643202/', 'postedAt': '9mo', 'postedDate': '2024-01-10 16:53:16.561 +0000 UTC', 'commentedDate': '2024-01-10 16:53:11.025 +0000 UTC', 'urn': '7150892363278643202', 'author': {'firstName': 'Bill', 'lastName': 'Gates', 'username': 'williamhgates', 'url': 'https://www.linkedin.com/in/williamhgates'}, 'company': {}, 'article': {'title': 'See How 2023 Shattered Records to Become the Hottest Year', 'subtitle': 'nytimes.com', 'link': 'https://b-gat.es/4aU8d1h'}}"
True,,"{'highlightedComments': ['Os investimentos do Brasil em iniciativas-chave de sa√∫de p√∫blica ajudaram a tirar fam√≠lias da pobreza e a melhorar os indicadores de sa√∫de. O mundo pode aprender muito com a abordagem do pa√≠s.'], 'highlightedCommentsActivityCounts': [{'text': 'Os investimentos do Brasil em iniciativas-chave de sa√∫de p√∫blica ajudaram a tirar fam√≠lias da pobreza e a melhorar os indicadores de sa√∫de. O mundo pode aprender muito com a abordagem do pa√≠s.', 'totalReactionCount': 119, 'likeCount': 99, 'appreciationCount': 1, 'empathyCount': 12, 'InterestCount': 1, 'praiseCount': 6}], 'text': 'Brazil‚Äôs investments in key public health initiatives have helped lift families out of poverty and improve health outcomes. There‚Äôs a lot the world can learn from the country‚Äôs approach.', 'commentUrl': 'https://www.linkedin.com/feed/update/urn:li:ugcPost:7141486713620578305?commentUrn=urn%3Ali%3Acomment%3A%28ugcPost%3A7141486713620578305%2C7141487738603601920%29&dashCommentUrn=urn%3Ali%3Afsd_comment%3A%287141487738603601920%2Curn%3Ali%3AugcPost%3A7141486713620578305%29', 'totalReactionCount': 2022, 'likeCount': 1775, 'appreciationCount': 64, 'empathyCount': 104, 'InterestCount': 19, 'praiseCount': 58, 'funnyCount': 2, 'commentsCount': 153, 'repostsCount': 143, 'postUrl': 'https://www.linkedin.com/feed/update/urn:li:activity:7141487771059183617/', 'postedAt': '10mo', 'postedDate': '2023-12-15 18:02:47.047 +0000 UTC', 'commentedDate': '2023-12-15 18:02:39.31 +0000 UTC', 'urn': '7141487771059183617', 'author': {'firstName': 'Bill', 'lastName': 'Gates', 'username': 'williamhgates', 'url': 'https://www.linkedin.com/in/williamhgates'}, 'video': [{'url': 'https://dms.licdn.com/playlist/vid/v2/D5605AQHOaNNVLnoWAw/mp4-720p-30fp-crf28/mp4-720p-30fp-crf28/0/1702663248187?e=1731495600&v=beta&t=ndvrqf0uv7-1qMBXjMPt-sNnVbyb9Bhjyk0N7CPvc0A', 'poster': 'https://media.licdn.com/dms/image/v2/D5605AQHOaNNVLnoWAw/feedshare-thumbnail_720_1280/feedshare-thumbnail_720_1280/0/1702663115594?e=1731495600&v=beta&t=oD9ckrjYxqe2btWmhNWE6mR8ZPOBYehD8yY8HtWcGR0', 'duration': 92266}], 'company': {}, 'article': {}}"
True,,"{'highlightedComments': ['This is great.'], 'highlightedCommentsActivityCounts': [{'text': 'This is great.', 'totalReactionCount': 19, 'likeCount': 16, 'appreciationCount': 2, 'empathyCount': 1}], 'text': 'This shook me - in the best possible way. \n\nThe wonderful behavioural scientists and psychologists at BEworks just launched a report here at #cop28 on personality traits, mindsets and climate change. \n\nOne discovery they made - a shockingly strong correlation between creativity  and climate optimism! Basically, the more creative your personality then the more likely you are to see solutions and answers to the climate crisis.\n\nI guess I shouldn‚Äôt be surprised. For my book The Solutionists I found much higher levels of climate optimism amoungst folks actually working on answers. But it‚Äôs stark to see the psychological correlation laid out like this. Inventiveness, lateral thinking, imagination - creative traits that can see a way through the fuggy mess we‚Äôre in.\n\nFuterra has been bringing creativity and storytelling here to #cop28uae - but after the dust settles we‚Äôll continue bringing climate to the entertainment industry, social media and the culture sector. Because we must recruit the creatives into climate action. If we want a better future, we need to imagine it first! \n\nOn second thoughts, maybe I‚Äôm not that shocked by this research after all üòâ\n\nThe full report is here: https://lnkd.in/gDVd5aqF', 'commentUrl': 'https://www.linkedin.com/feed/update/urn:li:activity:7138561482610380801?commentUrn=urn%3Ali%3Acomment%3A%28activity%3A7138561482610380801%2C7140467322384769025%29&dashCommentUrn=urn%3Ali%3Afsd_comment%3A%287140467322384769025%2Curn%3Ali%3Aactivity%3A7138561482610380801%29', 'totalReactionCount': 822, 'likeCount': 581, 'appreciationCount': 13, 'empathyCount': 92, 'InterestCount': 114, 'praiseCount': 22, 'commentsCount': 94, 'repostsCount': 114, 'postUrl': 'https://www.linkedin.com/feed/update/urn:li:activity:7140467346153889794/', 'postedAt': '10mo', 'postedDate': '2023-12-12 22:27:58.791 +0000 UTC', 'commentedDate': '2023-12-12 22:27:53.125 +0000 UTC', 'urn': '7140467346153889794', 'author': {'firstName': 'Solitaire', 'lastName': 'Townsend', 'username': 'solitairetownsend', 'url': 'https://www.linkedin.com/in/solitairetownsend'}, 'image': [{'url': 'https://media.licdn.com/dms/image/v2/D5622AQHBhWDKh5Yn6w/feedshare-shrink_2048_1536/feedshare-shrink_2048_1536/0/1701965683805?e=1733961600&v=beta&t=2RVqiMpzoCL79bImhjwDKo5FpksAgiOHs_0-Mu6SaLE'}], 'company': {}, 'article': {}}"
True,,"{'highlightedComments': ['Earlier this year,\xa0I also shared my thoughts on the age of AI: https://gatesnot.es/3ufhmRa and how to manage its risks: https://gatesnot.es/3MZNmzB.\xa0'], 'highlightedCommentsActivityCounts': [{'text': 'Earlier this year,\xa0I also shared my thoughts on the age of AI: https://gatesnot.es/3ufhmRa and how to manage its risks: https://gatesnot.es/3MZNmzB.\xa0', 'totalReactionCount': 147, 'likeCount': 130, 'appreciationCount': 4, 'empathyCount': 5, 'InterestCount': 5, 'praiseCount': 3}], 'text': 'Most of the AI tools available today are bots: You ask them questions, and they spit back whatever relevant information is available within a single website or app. But imagine if, instead, the thing you were communicating with could contextualize your request, remember your preferences, and accomplish tasks across apps. That‚Äôs an agent‚Äîand this type of AI tool is not far off. https://lnkd.in/g2X4hAaw #artificialintelligence', 'commentUrl': 'https://www.linkedin.com/feed/update/urn:li:activity:7128531594599927808?commentUrn=urn%3Ali%3Acomment%3A%28activity%3A7128531594599927808%2C7128531646814851073%29&dashCommentUrn=urn%3Ali%3Afsd_comment%3A%287128531646814851073%2Curn%3Ali%3Aactivity%3A7128531594599927808%29', 'totalReactionCount': 10105, 'likeCount': 8801, 'appreciationCount': 42, 'empathyCount': 260, 'InterestCount': 890, 'praiseCount': 105, 'funnyCount': 7, 'commentsCount': 619, 'repostsCount': 1380, 'postUrl': 'https://www.linkedin.com/feed/update/urn:li:activity:7128531669879324673/', 'postedAt': '11mo', 'postedDate': '2023-11-09 23:59:51.813 +0000 UTC', 'commentedDate': '2023-11-09 23:59:46.315 +0000 UTC', 'urn': '7128531669879324673', 'author': {'firstName': 'Bill', 'lastName': 'Gates', 'username': 'williamhgates', 'url': 'https://www.linkedin.com/in/williamhgates'}, 'company': {}, 'article': {'title': 'AI is about to completely change how you use computers', 'subtitle': 'gatesnotes.com', 'link': 'https://gatesnot.es/473YDqh'}}"
True,,"{'highlightedComments': ['You can check your answer here: https://b-gat.es/45OnfTs'], 'highlightedCommentsActivityCounts': [{'text': 'You can check your answer here: https://b-gat.es/45OnfTs', 'totalReactionCount': 34, 'likeCount': 32, 'InterestCount': 1, 'funnyCount': 1}], 'text': 'Since 2016, progress on reducing maternal and neonatal mortality has stalled. But now, a decade of research is unlocking ways to save millions from preventable deaths‚Äîand it‚Äôs clear addressing child malnutrition is one of the keys. #Goalkeepers2030\n\nYou can check your answer here: https://b-gat.es/45OnfTs', 'commentUrl': 'https://www.linkedin.com/feed/update/urn:li:ugcPost:7107443543249448960?commentUrn=urn%3Ali%3Acomment%3A%28ugcPost%3A7107443543249448960%2C7107444258235674624%29&dashCommentUrn=urn%3Ali%3Afsd_comment%3A%287107444258235674624%2Curn%3Ali%3AugcPost%3A7107443543249448960%29', 'totalReactionCount': 718, 'likeCount': 648, 'appreciationCount': 31, 'empathyCount': 23, 'InterestCount': 6, 'praiseCount': 10, 'commentsCount': 178, 'repostsCount': 34, 'postUrl': 'https://www.linkedin.com/feed/update/urn:li:activity:7107444292792516609/', 'postedAt': '1yr', 'postedDate': '2023-09-12 19:26:09.331 +0000 UTC', 'commentedDate': '2023-09-12 19:26:01.093 +0000 UTC', 'urn': '7107444292792516609', 'author': {'firstName': 'Bill', 'lastName': 'Gates', 'username': 'williamhgates', 'url': 'https://www.linkedin.com/in/williamhgates'}, 'company': {}, 'article': {}}"
True,,"{'highlightedComments': ['Dr. Lawniczak‚Äôs ingenious approach is quite fascinating.\xa0https://gatesnot.es/47uhziR'], 'highlightedCommentsActivityCounts': [{'text': 'Dr. Lawniczak‚Äôs ingenious approach is quite fascinating.\xa0https://gatesnot.es/47uhziR', 'totalReactionCount': 106, 'likeCount': 98, 'appreciationCount': 1, 'empathyCount': 6, 'praiseCount': 1}], 'text': 'Genetics are an increasingly important tool for fighting malaria. Partnering with the Natural History Museum in London, Mara Lawniczak from the Wellcome Sanger Institute studies 80-year-old mosquitoes‚Äîor ‚Äúneandersquitoes.‚Äù These ancestor insects may hold the right information to stay one step ahead of today‚Äôs mosquitoes.', 'commentUrl': 'https://www.linkedin.com/feed/update/urn:li:ugcPost:7097643921110945793?commentUrn=urn%3Ali%3Acomment%3A%28ugcPost%3A7097643921110945793%2C7097644402940006400%29&dashCommentUrn=urn%3Ali%3Afsd_comment%3A%287097644402940006400%2Curn%3Ali%3AugcPost%3A7097643921110945793%29', 'totalReactionCount': 2048, 'likeCount': 1889, 'appreciationCount': 15, 'empathyCount': 61, 'InterestCount': 57, 'praiseCount': 24, 'funnyCount': 2, 'commentsCount': 109, 'repostsCount': 127, 'postUrl': 'https://www.linkedin.com/feed/update/urn:li:activity:7097644465523200000/', 'postedAt': '1yr', 'postedDate': '2023-08-16 18:25:08.438 +0000 UTC', 'commentedDate': '2023-08-16 18:24:53.518 +0000 UTC', 'urn': '7097644465523200000', 'author': {'firstName': 'Bill', 'lastName': 'Gates', 'username': 'williamhgates', 'url': 'https://www.linkedin.com/in/williamhgates'}, 'video': [{'url': 'https://dms.licdn.com/playlist/vid/v2/D5605AQEP7ik3lrFYNg/mp4-720p-30fp-crf28/mp4-720p-30fp-crf28/0/1692210229442?e=1731495600&v=beta&t=hWZiFANj1BAcyNNg0-g9vMZLj9aJxhwm_VGNgtlz4jU', 'poster': 'https://media.licdn.com/dms/image/v2/D5605AQEP7ik3lrFYNg/feedshare-thumbnail_720_1280/feedshare-thumbnail_720_1280/0/1692210179137?e=1731495600&v=beta&t=z37_PDQb9pfGpdx2MGzKBzrogfdPzT2_xZbx9o7VPUs', 'duration': 55500}], 'company': {}, 'article': {}}"
True,,"{'highlightedComments': ['Con-grad-ulations to you and all of your classmates! You deserve to celebrate.'], 'highlightedCommentsActivityCounts': [{'text': 'Con-grad-ulations to you and all of your classmates! You deserve to celebrate.', 'totalReactionCount': 18, 'likeCount': 16, 'empathyCount': 2}], 'text': ""Education, opportunity, and economic mobility are inextricably linked. That‚Äôs one of the reasons I love commencement ceremonies so much‚Äîeven though I never had one of my own: Because they mark the start of a new stage in life for everyone involved, one with more possibility and potential than before.\xa0And seeing the pride on the faces of students and families is always a highlight. But I‚Äôm particularly excited to address the 2023 graduates of Northern Arizona University's College of Engineering, Informatics, and Applied Sciences and College of the Environment, Forestry, and Natural Sciences because the school\xa0has become a national leader in addressing one of the biggest challenges facing higher education today: the value students receive from their college degrees."", 'commentUrl': 'https://www.linkedin.com/feed/update/urn:li:ugcPost:7061796921991970819?commentUrn=urn%3Ali%3Acomment%3A%28ugcPost%3A7061796921991970819%2C7061813550150791169%29&replyUrn=urn%3Ali%3Acomment%3A%28ugcPost%3A7061796921991970819%2C7062459497004335104%29&dashCommentUrn=urn%3Ali%3Afsd_comment%3A%287061813550150791169%2Curn%3Ali%3AugcPost%3A7061796921991970819%29&dashReplyUrn=urn%3Ali%3Afsd_comment%3A%287062459497004335104%2Curn%3Ali%3AugcPost%3A7061796921991970819%29', 'totalReactionCount': 3527, 'likeCount': 3184, 'appreciationCount': 32, 'empathyCount': 142, 'InterestCount': 47, 'praiseCount': 121, 'funnyCount': 1, 'commentsCount': 324, 'repostsCount': 131, 'postUrl': 'https://www.linkedin.com/feed/update/urn:li:activity:7062459562540347393/', 'postedAt': '1yr', 'postedDate': '2023-05-11 16:12:53.863 +0000 UTC', 'commentedDate': '2023-05-11 16:12:38.239 +0000 UTC', 'urn': '7062459562540347393', 'author': {'firstName': 'Bill', 'lastName': 'Gates', 'username': 'williamhgates', 'url': 'https://www.linkedin.com/in/williamhgates'}, 'company': {}, 'article': {'title': 'Why I‚Äôm going to Northern Arizona University', 'subtitle': 'Bill Gates on LinkedIn ‚Ä¢ 4 min read', 'link': 'https://www.linkedin.com/pulse/why-im-going-northern-arizona-university-bill-gates?trackingId=NGR0G3g64GOFD4qBMDwUUg%3D%3D'}}"
True,,"{'highlightedComments': ['Thanks for having me, Kevin. I had a lot of fun chatting about the holy grail of computer science.'], 'highlightedCommentsActivityCounts': [{'text': 'Thanks for having me, Kevin. I had a lot of fun chatting about the holy grail of computer science.', 'totalReactionCount': 28, 'likeCount': 24, 'appreciationCount': 1, 'InterestCount': 1, 'praiseCount': 2}], 'text': 'Over the last few months, I‚Äôve had the opportunity to meet with\xa0Bill Gates\xa0on a few occasions to talk about this unique moment within the history of computing and what the current AI revolution means for the future. Bill has had a front row view as we‚Äôve moved through the PC revolution and the Internet revolution, and it was an honor to have him join me on #BehindTheTech. During our conversation, we reflected on our recent talks and discussed\xa0the latest in AI research, including the release of GPT-4, how AI is evolving his philanthropic work, how past technology revolutions have led us to where we are today, his love of reading, and so much more. Take a listen (https://lnkd.in/g5fgAjXB)\xa0or watch on YouTube (https://lnkd.in/gpTCd3bS). I am excited to hear what you all think!', 'commentUrl': 'https://www.linkedin.com/feed/update/urn:li:activity:7044037921305214977?commentUrn=urn%3Ali%3Acomment%3A%28activity%3A7044037921305214977%2C7044829779212058625%29&dashCommentUrn=urn%3Ali%3Afsd_comment%3A%287044829779212058625%2Curn%3Ali%3Aactivity%3A7044037921305214977%29', 'totalReactionCount': 1004, 'likeCount': 923, 'appreciationCount': 3, 'empathyCount': 32, 'InterestCount': 33, 'praiseCount': 13, 'commentsCount': 54, 'repostsCount': 89, 'postUrl': 'https://www.linkedin.com/feed/update/urn:li:activity:7044829789920141312/', 'postedAt': '1yr', 'postedDate': '2023-03-24 00:38:28.525 +0000 UTC', 'commentedDate': '2023-03-24 00:38:25.972 +0000 UTC', 'urn': '7044829789920141312', 'author': {'firstName': 'Kevin', 'lastName': 'Scott', 'username': 'jkevinscott', 'url': 'https://www.linkedin.com/in/jkevinscott'}, 'company': {}, 'article': {'title': 'Behind the Tech Podcast with Kevin Scott - Microsoft', 'subtitle': 'microsoft.com', 'link': 'https://www.microsoft.com/en-us/behind-the-tech?SilentAuth=1'}}"
True,,"{'highlightedComments': ['It was great meeting you, Sedonia! Keep up the good work.'], 'highlightedCommentsActivityCounts': [{'text': 'It was great meeting you, Sedonia! Keep up the good work.', 'totalReactionCount': 158, 'likeCount': 138, 'appreciationCount': 1, 'empathyCount': 13, 'praiseCount': 6}], 'text': 'I met Bill Gates. Wow. Appreciative of his many years of philanthropy, and grateful for the scholarship that got me here!', 'commentUrl': 'https://www.linkedin.com/feed/update/urn:li:activity:7039770829634633728?commentUrn=urn%3Ali%3Acomment%3A%28activity%3A7039770829634633728%2C7040162827340304384%29&dashCommentUrn=urn%3Ali%3Afsd_comment%3A%287040162827340304384%2Curn%3Ali%3Aactivity%3A7039770829634633728%29', 'totalReactionCount': 1290, 'likeCount': 1168, 'appreciationCount': 5, 'empathyCount': 58, 'InterestCount': 2, 'praiseCount': 56, 'funnyCount': 1, 'commentsCount': 10, 'repostsCount': 10, 'postUrl': 'https://www.linkedin.com/feed/update/urn:li:activity:7040162860689227777/', 'postedAt': '1yr', 'postedDate': '2023-03-11 03:33:45.889 +0000 UTC', 'commentedDate': '2023-03-11 03:33:37.938 +0000 UTC', 'urn': '7040162860689227777', 'author': {'firstName': 'Sedonia', 'lastName': 'Davis', 'username': 'sedoniadavis', 'url': 'https://www.linkedin.com/in/sedoniadavis'}, 'image': [{'url': 'https://media.licdn.com/dms/image/v2/C5622AQHiLVYYahyzTw/feedshare-shrink_2048_1536/feedshare-shrink_2048_1536/0/1678412154109?e=1733961600&v=beta&t=EqKAn_Mb1oNGsgsPdPUjcu_p-zGkxpHfXDb-iyU2sZM'}, {'url': 'https://media.licdn.com/dms/image/v2/C5622AQE1NxeAjkFHxQ/feedshare-shrink_2048_1536/feedshare-shrink_2048_1536/0/1678412156974?e=1733961600&v=beta&t=2l9W3vmDoC7-UnedYR5ZOULR0iV_Q_drI4yNiOII1Vk'}, {'url': 'https://media.licdn.com/dms/image/v2/C5622AQFpAZoNWymfng/feedshare-shrink_2048_1536/feedshare-shrink_2048_1536/0/1678412157244?e=1733961600&v=beta&t=dNeGdwJ3xXUUB7xKugjhIr9EQkA8dnge-C8SbW6ApBI'}], 'company': {}, 'article': {}}"
True,,"{'highlightedComments': ['What we‚Äôve heard from educators may sound like your own experiences in school: It can be hard for students to see how math relates to the rest of their lives. That‚Äôs why, in the new year, the Gates Foundation is doubling down on funding math instructional materials to keep students engaged:\xa0https://gatesnot.es/3PWBIpl'], 'highlightedCommentsActivityCounts': [{'text': 'What we‚Äôve heard from educators may sound like your own experiences in school: It can be hard for students to see how math relates to the rest of their lives. That‚Äôs why, in the new year, the Gates Foundation is doubling down on funding math instructional materials to keep students engaged:\xa0https://gatesnot.es/3PWBIpl', 'totalReactionCount': 702, 'likeCount': 613, 'appreciationCount': 8, 'empathyCount': 35, 'InterestCount': 2, 'praiseCount': 40, 'maybeCount': 4}], 'text': 'Students who pass this subject by 9th grade are twice as likely to graduate from high school and more likely to go on to college. Check your answer here: https://lnkd.in/gegwDpKA', 'commentUrl': 'https://www.linkedin.com/feed/update/urn:li:ugcPost:7013533518290968577?commentUrn=urn%3Ali%3Acomment%3A%28ugcPost%3A7013533518290968577%2C7013998885433995265%29&dashCommentUrn=urn%3Ali%3Afsd_comment%3A%287013998885433995265%2Curn%3Ali%3AugcPost%3A7013533518290968577%29', 'totalReactionCount': 11041, 'likeCount': 10214, 'appreciationCount': 52, 'empathyCount': 113, 'InterestCount': 357, 'praiseCount': 70, 'funnyCount': 20, 'maybeCount': 215, 'commentsCount': 1845, 'repostsCount': 487, 'postUrl': 'https://www.linkedin.com/feed/update/urn:li:activity:7013998923677646848/', 'postedAt': '1yr', 'postedDate': '2022-12-28 22:47:37.203 +0000 UTC', 'commentedDate': '2022-12-28 22:47:28.086 +0000 UTC', 'urn': '7013998923677646848', 'author': {'firstName': 'Bill', 'lastName': 'Gates', 'username': 'williamhgates', 'url': 'https://www.linkedin.com/in/williamhgates'}, 'company': {}, 'article': {}}"
True,,"{'highlightedComments': ['Thanks for having me! Seeing the universal Al Robotics platform in action was incredible.'], 'highlightedCommentsActivityCounts': [{'text': 'Thanks for having me! Seeing the universal Al Robotics platform in action was incredible.', 'totalReactionCount': 267, 'likeCount': 236, 'appreciationCount': 3, 'empathyCount': 15, 'praiseCount': 12, 'maybeCount': 1}], 'text': 'We had a special visitor at Covariant headquarters last week‚Ä¶Bill Gates!\n\nBill challenged the Covariant Brain ‚Äî our AI Robotics platform ‚Äî by arranging polybagged apparel items chaotically into one bin, and tiny cylindrical eyeliner pencils into another. \n\nNot to be thwarted, the Covariant Brain quickly analyzed the totes, found the optimal grasp points, and directed the robots to pick all the items successfully, with accuracy and ease.\n\nOur robots can handle virtually any item you ‚Äì or Bill Gates ‚Äì throw at them. Thanks again to Bill for stopping by to experience the future of AI and robotic automation.', 'commentUrl': 'https://www.linkedin.com/feed/update/urn:li:activity:6990714510474919936?commentUrn=urn%3Ali%3Acomment%3A%28activity%3A6990714510474919936%2C6990791162236198913%29&dashCommentUrn=urn%3Ali%3Afsd_comment%3A%286990791162236198913%2Curn%3Ali%3Aactivity%3A6990714510474919936%29', 'totalReactionCount': 2959, 'likeCount': 2768, 'appreciationCount': 14, 'empathyCount': 77, 'InterestCount': 8, 'praiseCount': 89, 'funnyCount': 1, 'maybeCount': 2, 'commentsCount': 56, 'repostsCount': 91, 'postUrl': 'https://www.linkedin.com/feed/update/urn:li:activity:6990791175947378689/', 'postedAt': '2yr', 'postedDate': '2022-10-25 21:48:18.965 +0000 UTC', 'commentedDate': '2022-10-25 21:48:15.697 +0000 UTC', 'urn': '6990791175947378689', 'author': {}, 'image': [{'url': 'https://media.licdn.com/dms/image/v2/C4D22AQGm6qWz3k0CAQ/feedshare-shrink_2048_1536/feedshare-shrink_2048_1536/0/1666716211226?e=1733961600&v=beta&t=64rEWcVvmr6L6C6QrAOiswUBDB8TjkZB0Z4y0XPX3_s'}, {'url': 'https://media.licdn.com/dms/image/v2/C4D22AQFgLheiH89IYg/feedshare-shrink_2048_1536/feedshare-shrink_2048_1536/0/1666716213830?e=1733961600&v=beta&t=10jDpjnF1K1nm_7k0-mgCrKhMmFBpAmCZQXEXj_iYvo'}, {'url': 'https://media.licdn.com/dms/image/v2/C4D22AQGaTv1ShQHchA/feedshare-shrink_2048_1536/feedshare-shrink_2048_1536/0/1666716209775?e=1733961600&v=beta&t=mbEH2ioOEM3dMFcpLH_9pybx2Ppl2NTuA-niP96pc0I'}], 'company': {'name': 'Covariant', 'url': 'https://www.linkedin.com/company/covariant-ai/', 'urn': 'urn:li:fsd_company:18927753'}, 'article': {}}"
True,,"{'highlightedComments': ['It was an honor and a privilege. Thanks for coming!'], 'highlightedCommentsActivityCounts': [{'text': 'It was an honor and a privilege. Thanks for coming!', 'totalReactionCount': 825, 'likeCount': 752, 'appreciationCount': 5, 'empathyCount': 37, 'praiseCount': 28, 'maybeCount': 3}], 'text': 'Congratulations Bill Gates on your book launch today and also getting to meet my mum üòÇ Thank you for the book, I‚Äôm really looking forward to reading it üìñ #GERM', 'commentUrl': 'https://www.linkedin.com/feed/update/urn:li:activity:6927725466363547648?commentUrn=urn%3Ali%3Acomment%3A%28activity%3A6927725466363547648%2C6928096674640723968%29&dashCommentUrn=urn%3Ali%3Afsd_comment%3A%286928096674640723968%2Curn%3Ali%3Aactivity%3A6927725466363547648%29', 'totalReactionCount': 6151, 'likeCount': 5867, 'appreciationCount': 30, 'empathyCount': 126, 'InterestCount': 4, 'praiseCount': 113, 'maybeCount': 11, 'commentsCount': 171, 'repostsCount': 41, 'postUrl': 'https://www.linkedin.com/feed/update/urn:li:activity:6928096704311218177/', 'postedAt': '2yr', 'postedDate': '2022-05-05 21:42:52.12 +0000 UTC', 'commentedDate': '2022-05-05 21:42:45.047 +0000 UTC', 'urn': '6928096704311218177', 'author': {'firstName': 'Jazz', 'lastName': 'Elphick-Pooley', 'username': 'jazz-ikhasi', 'url': 'https://www.linkedin.com/in/jazz-ikhasi'}, 'image': [{'url': 'https://media.licdn.com/dms/image/v2/C4E22AQE8SDN77Jg_ew/feedshare-shrink_2048_1536/feedshare-shrink_2048_1536/0/1651698447939?e=1733961600&v=beta&t=NP8zrfl0LyZpNxBQ7yu1I4jC1-6QN9X1Kk0Qu3z0W1s'}, {'url': 'https://media.licdn.com/dms/image/v2/C4E22AQGISOmod8NS5g/feedshare-shrink_2048_1536/feedshare-shrink_2048_1536/0/1651698457187?e=1733961600&v=beta&t=j7qLqRuqtFiic8sZ84f_gCLYELbB1kVtdwa_ZLEJk90'}, {'url': 'https://media.licdn.com/dms/image/v2/C4E22AQEx31dT-DI0Ag/feedshare-shrink_2048_1536/feedshare-shrink_2048_1536/0/1651698452625?e=1733961600&v=beta&t=ytkF2CDYy6Buzyg6vc2oVPsB9PJ8mmLX48Hn_r5a3uk'}], 'company': {}, 'article': {}}"
True,,"{'highlightedComments': ['Thank you, Noel. Coming together to catalyze breakthroughs in climate technologies is critical if we‚Äôre going to reach net zero.'], 'highlightedCommentsActivityCounts': [{'text': 'Thank you, Noel. Coming together to catalyze breakthroughs in climate technologies is critical if we‚Äôre going to reach net zero.', 'totalReactionCount': 198, 'likeCount': 178, 'appreciationCount': 1, 'empathyCount': 10, 'InterestCount': 1, 'praiseCount': 8}], 'resharedPost': {'text': 'We‚Äôre investing $100 million to support the growth of four climate critical technologies ‚Äì direct air capture, clean hydrogen, long-duration energy storage, and sustainable aviation fuels - by backing the Breakthrough Energy Catalyst programme.\n\xa0\nMany clean tech innovations already exist in these areas - and could transform heavy carbon-emitting industries and the power sector.\n\xa0\nThey just need investment to make real impact. We‚Äôre banking on these technologies to accelerate the transition to net zero, and provide worldwide access to clean, reliable, and affordable energy.\xa0\n\xa0\n#HSBC #NetZero #ClimateChange', 'author': {}, 'image': [{'url': 'https://media.licdn.com/dms/image/v2/C5622AQFfv7cfaNInfg/feedshare-shrink_2048_1536/feedshare-shrink_2048_1536/0/1643616589279?e=1733961600&v=beta&t=O68IIj1yjNOoBNR3iBLaSz35YubXuOyVjzteulkw7SU'}], 'company': {'name': 'HSBC', 'url': 'https://www.linkedin.com/company/hsbc/', 'urn': 'urn:li:fsd_company:1241'}, 'document': {}, 'celebration': {}, 'poll': {}, 'article': {}, 'entity': {}}, 'text': 'A small number of green technologies will reshape the industrial landscape of the world over the next 5 to 10 years. I‚Äôm grateful for the opportunity for HSBC to be part of Breakthrough Energy Catalyst so we can help accelerate their development and make them scalable. I genuinely believe this ground breaking partnership can bring these much-needed clean solutions to market, and build a more sustainable world. I‚Äôm looking forward to working with Founder Bill Gates and the other investors and partners.', 'commentUrl': 'https://www.linkedin.com/feed/update/urn:li:activity:6893888481953665024?commentUrn=urn%3Ali%3Acomment%3A%28activity%3A6893888481953665024%2C6895512764228493312%29&dashCommentUrn=urn%3Ali%3Afsd_comment%3A%286895512764228493312%2Curn%3Ali%3Aactivity%3A6893888481953665024%29', 'totalReactionCount': 1122, 'likeCount': 1078, 'appreciationCount': 7, 'empathyCount': 16, 'InterestCount': 1, 'praiseCount': 18, 'maybeCount': 2, 'commentsCount': 66, 'repostsCount': 2, 'postUrl': 'https://www.linkedin.com/feed/update/urn:li:activity:6895512788073107456/', 'postedAt': '2yr', 'postedDate': '2022-02-04 23:46:01.109 +0000 UTC', 'commentedDate': '2022-02-04 23:45:55.424 +0000 UTC', 'reposted': True, 'urn': '6895512788073107456', 'author': {'firstName': 'Noel', 'lastName': 'Quinn', 'username': 'noel-quinn-hsbc', 'url': 'https://www.linkedin.com/in/noel-quinn-hsbc'}, 'company': {}, 'article': {}}"
True,,"{'highlightedComments': ['Thank you, Ursula von der Leyen. This partnership will help accelerate the deployment of critical climate technologies. I‚Äôm grateful for our continued collaboration.'], 'highlightedCommentsActivityCounts': [{'text': 'Thank you, Ursula von der Leyen. This partnership will help accelerate the deployment of critical climate technologies. I‚Äôm grateful for our continued collaboration.', 'totalReactionCount': 342, 'likeCount': 299, 'appreciationCount': 10, 'empathyCount': 16, 'InterestCount': 1, 'praiseCount': 14, 'maybeCount': 2}], 'resharedPost': {'text': ""Today, we are launching the #EUCatalystPartnership with Bill Gates and EIB's Werner Hoyer.\n\nThis $1 billion programme will boost investments in climate technologies such as energy storage, direct air capture, clean hydrogen or sustainable aviation fuel.\n\nFirst projects to be selected already next year!"", 'author': {}, 'video': [{'url': 'https://dms.licdn.com/playlist/vid/v2/C4E24AQHexZUiRYO_FA/feedshare-live-vod-ambry-analysis/feedshare-live-vod-ambry-analysis/0/1635871392844?e=1731495600&v=beta&t=IM2jH4wV-H13bo8i8dDefQhXi3DFQZbndnVSJsLs1oQ', 'poster': 'https://media.licdn.com/dms/image/v2/C4E24AQHexZUiRYO_FA/feedshare-live-thumbnail_high/feedshare-live-thumbnail_high/0/1635869995528?e=1731495600&v=beta&t=SlnUSToh1ldodT89xLHfZp5pJALitjv62NYK4UKTRoU', 'duration': 1136233}], 'company': {'name': 'European Commission', 'url': 'https://www.linkedin.com/company/european-commission/', 'urn': 'urn:li:fsd_company:1809'}, 'document': {}, 'celebration': {}, 'poll': {}, 'article': {}, 'entity': {}}, 'text': ""Glad to launch the #EUCatalystPartnership with #BillGates / Breakthrough Energy and the European Investment Bank (EIB)'s Werner Hoyer.\n\nThis $1 billion programme will boost investments in climate technologies such as  sustainable aviation fuel. \n\nI can't wait to see the technologies emerging with the Catalyst!\n\nOur official launch at COP26 - UN Climate Change Conference üëá"", 'commentUrl': 'https://www.linkedin.com/feed/update/urn:li:ugcPost:6861338278512214017?commentUrn=urn%3Ali%3Acomment%3A%28ugcPost%3A6861338278512214017%2C6861353261195137024%29&dashCommentUrn=urn%3Ali%3Afsd_comment%3A%286861353261195137024%2Curn%3Ali%3AugcPost%3A6861338278512214017%29', 'totalReactionCount': 1911, 'likeCount': 1768, 'appreciationCount': 30, 'empathyCount': 23, 'InterestCount': 6, 'praiseCount': 81, 'maybeCount': 3, 'commentsCount': 154, 'repostsCount': 2, 'postUrl': 'https://www.linkedin.com/feed/update/urn:li:activity:6861353358859493376/', 'postedAt': '3yr', 'postedDate': '2021-11-02 17:28:38.533 +0000 UTC', 'commentedDate': '2021-11-02 17:28:15.248 +0000 UTC', 'reposted': True, 'urn': '6861353358859493376', 'author': {'firstName': 'Ursula', 'lastName': 'von der Leyen', 'username': 'ursula-von-der-leyen', 'url': 'https://www.linkedin.com/in/ursula-von-der-leyen'}, 'company': {}, 'article': {}}"
True,,"{'highlightedComments': ['It‚Äôs deeply unfair that the people who contribute the least to climate change will suffer the worst from its effects. Rich countries are causing the majority of climate change, and they need to invest much more in adaptation.\n\xa0\nCGIAR and the Agriculture Innovation Mission for Climate are funding important research and innovation to help the world adapt to the already changing climate: https://b-gat.es/3bAU0c4'], 'highlightedCommentsActivityCounts': [{'text': 'It‚Äôs deeply unfair that the people who contribute the least to climate change will suffer the worst from its effects. Rich countries are causing the majority of climate change, and they need to invest much more in adaptation.\n\xa0\nCGIAR and the Agriculture Innovation Mission for Climate are funding important research and innovation to help the world adapt to the already changing climate: https://b-gat.es/3bAU0c4', 'totalReactionCount': 32, 'likeCount': 27, 'appreciationCount': 1, 'empathyCount': 1, 'InterestCount': 1, 'praiseCount': 2}], 'text': 'At this year‚Äôs UN Climate Conference, I‚Äôll be talking about why I‚Äôm optimistic about our progress on climate change and the critical role that innovation will play: https://b-gat.es/2Y7w8di #GreenerTogether', 'commentUrl': 'https://www.linkedin.com/feed/update/urn:li:activity:6860669262751641600?commentUrn=urn%3Ali%3Acomment%3A%28activity%3A6860669262751641600%2C6860683441382551552%29&replyUrn=urn%3Ali%3Acomment%3A%28activity%3A6860669262751641600%2C6861006323476131840%29&dashCommentUrn=urn%3Ali%3Afsd_comment%3A%286860683441382551552%2Curn%3Ali%3Aactivity%3A6860669262751641600%29&dashReplyUrn=urn%3Ali%3Afsd_comment%3A%286861006323476131840%2Curn%3Ali%3Aactivity%3A6860669262751641600%29', 'totalReactionCount': 15321, 'likeCount': 14490, 'appreciationCount': 151, 'empathyCount': 296, 'InterestCount': 46, 'praiseCount': 298, 'maybeCount': 40, 'commentsCount': 657, 'repostsCount': 597, 'postUrl': 'https://www.linkedin.com/feed/update/urn:li:activity:6861006398931648512/', 'postedAt': '3yr', 'postedDate': '2021-11-01 18:29:56.84 +0000 UTC', 'commentedDate': '2021-11-01 18:29:38.852 +0000 UTC', 'urn': '6861006398931648512', 'author': {'firstName': 'Bill', 'lastName': 'Gates', 'username': 'williamhgates', 'url': 'https://www.linkedin.com/in/williamhgates'}, 'company': {}, 'article': {'title': 'Bill Gates: Funding clean technology is the way to avoid climate disaster | Free to read', 'subtitle': 'ft.com', 'link': 'https://b-gat.es/2Y7w8di'}}"
True,,"{'highlightedComments': ['By bringing the world together at #COP26, we can find more ways to accelerate the development and adoption of the clean technologies we need to reach net-zero emissions: https://gatesnot.es/3btu4PO'], 'highlightedCommentsActivityCounts': [{'text': 'By bringing the world together at #COP26, we can find more ways to accelerate the development and adoption of the clean technologies we need to reach net-zero emissions: https://gatesnot.es/3btu4PO', 'totalReactionCount': 133, 'likeCount': 120, 'appreciationCount': 1, 'empathyCount': 4, 'InterestCount': 1, 'praiseCount': 3, 'maybeCount': 4}], 'text': 'At this year‚Äôs UN Climate Conference, I‚Äôll be talking about why I‚Äôm optimistic about our progress on climate change and the critical role that innovation will play: https://b-gat.es/2Y7w8di #GreenerTogether', 'commentUrl': 'https://www.linkedin.com/feed/update/urn:li:activity:6860669262751641600?commentUrn=urn%3Ali%3Acomment%3A%28activity%3A6860669262751641600%2C6860671131246977025%29&dashCommentUrn=urn%3Ali%3Afsd_comment%3A%286860671131246977025%2Curn%3Ali%3Aactivity%3A6860669262751641600%29', 'totalReactionCount': 15321, 'likeCount': 14490, 'appreciationCount': 151, 'empathyCount': 296, 'InterestCount': 46, 'praiseCount': 298, 'maybeCount': 40, 'commentsCount': 657, 'repostsCount': 597, 'postUrl': 'https://www.linkedin.com/feed/update/urn:li:activity:6860671200062914560/', 'postedAt': '3yr', 'postedDate': '2021-10-31 20:17:59.202 +0000 UTC', 'commentedDate': '2021-10-31 20:17:42.796 +0000 UTC', 'urn': '6860671200062914560', 'author': {'firstName': 'Bill', 'lastName': 'Gates', 'username': 'williamhgates', 'url': 'https://www.linkedin.com/in/williamhgates'}, 'company': {}, 'article': {'title': 'Bill Gates: Funding clean technology is the way to avoid climate disaster | Free to read', 'subtitle': 'ft.com', 'link': 'https://b-gat.es/2Y7w8di'}}"
True,,"{'highlightedComments': ['This #WorldPolioDay you can support Shumaila and other polio workers by donating to @Rotary‚Äôs fight against polio. Our foundation is giving a 2-to-1 match to every donation. Learn more: https://b-gat.es/3CcwL3R'], 'highlightedCommentsActivityCounts': [{'text': 'This #WorldPolioDay you can support Shumaila and other polio workers by donating to @Rotary‚Äôs fight against polio. Our foundation is giving a 2-to-1 match to every donation. Learn more: https://b-gat.es/3CcwL3R', 'totalReactionCount': 216, 'likeCount': 196, 'appreciationCount': 5, 'empathyCount': 6, 'praiseCount': 9}], 'text': 'The world needs heroes like Shumaila Rehmani. I‚Äôm inspired by the impact she‚Äôs making in her community to save lives and help #EndPolio.', 'commentUrl': 'https://www.linkedin.com/feed/update/urn:li:activity:6858059218268770304?commentUrn=urn%3Ali%3Acomment%3A%28activity%3A6858059218268770304%2C6858059546640830464%29&dashCommentUrn=urn%3Ali%3Afsd_comment%3A%286858059546640830464%2Curn%3Ali%3Aactivity%3A6858059218268770304%29', 'totalReactionCount': 13137, 'likeCount': 11992, 'appreciationCount': 362, 'empathyCount': 521, 'InterestCount': 15, 'praiseCount': 240, 'maybeCount': 7, 'commentsCount': 451, 'repostsCount': 349, 'postUrl': 'https://www.linkedin.com/feed/update/urn:li:activity:6858059624545849344/', 'postedAt': '3yr', 'postedDate': '2021-10-24 15:20:31.078 +0000 UTC', 'commentedDate': '2021-10-24 15:20:12.505 +0000 UTC', 'urn': '6858059624545849344', 'author': {'firstName': 'Bill', 'lastName': 'Gates', 'username': 'williamhgates', 'url': 'https://www.linkedin.com/in/williamhgates'}, 'company': {}, 'article': {'title': 'Going door to door, this hero brings the world closer to ending polio', 'subtitle': 'gatesnot.es', 'link': 'https://gatesnot.es/3BbyDbZ'}}"
True,,"{'highlightedComments': ['Thanks for your leadership. Partnerships like this will be key to accelerating the clean energy transition and reaching net-zero emissions by 2050.'], 'highlightedCommentsActivityCounts': [{'text': 'Thanks for your leadership. Partnerships like this will be key to accelerating the clean energy transition and reaching net-zero emissions by 2050.', 'totalReactionCount': 28, 'likeCount': 23, 'appreciationCount': 1, 'empathyCount': 1, 'praiseCount': 2, 'maybeCount': 1}], 'text': 'General Motors‚Äô vision of a world with zero crashes, zero emissions and zero congestion is bold. One of the things that makes it so ambitious is becau', 'commentUrl': 'https://www.linkedin.com/feed/update/urn:li:ugcPost:6845720182082551808?commentUrn=urn%3Ali%3Acomment%3A%28ugcPost%3A6845720182082551808%2C6845777103464538112%29&replyUrn=urn%3Ali%3Acomment%3A%28ugcPost%3A6845720182082551808%2C6845857681157185536%29&dashCommentUrn=urn%3Ali%3Afsd_comment%3A%286845777103464538112%2Curn%3Ali%3AugcPost%3A6845720182082551808%29&dashReplyUrn=urn%3Ali%3Afsd_comment%3A%286845857681157185536%2Curn%3Ali%3AugcPost%3A6845720182082551808%29', 'totalReactionCount': 1543, 'likeCount': 1473, 'appreciationCount': 9, 'empathyCount': 18, 'praiseCount': 41, 'maybeCount': 2, 'commentsCount': 58, 'repostsCount': 43, 'postUrl': 'https://www.linkedin.com/feed/update/urn:li:activity:6845857704712404992/', 'postedAt': '3yr', 'postedDate': '2021-09-20 23:14:26.689 +0000 UTC', 'commentedDate': '2021-09-20 23:14:21.073 +0000 UTC', 'urn': '6845857704712404992', 'author': {'firstName': 'Kristen', 'lastName': 'Siemen', 'username': 'kristen-siemen-9288551a', 'url': 'https://www.linkedin.com/in/kristen-siemen-9288551a'}, 'company': {}, 'article': {'title': 'General Motors joins Breakthrough Energy Catalyst to Advance Green Tech', 'subtitle': 'Kristen Siemen on LinkedIn ‚Ä¢ 2 min read', 'link': 'https://www.linkedin.com/pulse/general-motors-joins-breakthrough-energy-catalyst-advance-siemen?trackingId=GMprhNMf7WEHAqIy%2B8FPdg%3D%3D'}}"
True,,"{'highlightedComments': ['Avoiding a climate disaster is going to take corporate leaders making courageous decisions now. Volkswagen AG has been doing important work to decarbonize the transportation and manufacturing sectors and I\xa0hope to work with you on building the markets for the clean technologies the world needs.'], 'highlightedCommentsActivityCounts': [{'text': 'Avoiding a climate disaster is going to take corporate leaders making courageous decisions now. Volkswagen AG has been doing important work to decarbonize the transportation and manufacturing sectors and I\xa0hope to work with you on building the markets for the clean technologies the world needs.', 'totalReactionCount': 4308, 'likeCount': 3981, 'appreciationCount': 55, 'empathyCount': 83, 'InterestCount': 20, 'praiseCount': 154, 'maybeCount': 15}], 'text': 'Bill Gates zeigt, wie die Bek√§mpfung des Klimawandels funktionieren kann! L√∂sungsans√§tze √ºber alle Sektoren werden diskutiert: Transport, Landwirtschaft, Energie, Zement, Stahl. Ein ‚Äûcan do approach‚Äú - wie man es aus Amerika erwarten kann. In vielen seiner Einsch√§tzungen stimme ich mit ihm √ºberein. Wir sch√∂pfen die technischen M√∂glichkeiten noch lange nicht aus - und Klimaschutz muss nicht immer Verzicht bedeuten.\nEin wichtiger Vorschlag von Bill Gates, entscheidender Hebel f√ºr Effizienz beim Klimaschutz: ein sektoren√ºbergreifender #CO2-Preis - eine Forderung die heute viele Wissenschaftler und verantwortungsbewusste Politiker teilen.\n\nGates sieht im Klimaschutz auch neue Gesch√§ftsm√∂glichkeiten: Investitionen in Innovationen zum Klimaschutz - er engagiert sich mit eigenem Verm√∂gen in zahlreichen Klimaschutz Startups.\nAuch zahlreiche Ankn√ºpfungspunkte zu Volkswagen AG Projekten wie Energiespeicherung, Carbon-Capturing, Skalierung verschiedener Technologien sind erkennbar.\n\nLesenswert, motivierend, #Klimaschutz ist eine Chance - auch wirtschaftlich - f√ºr Innovatoren.', 'commentUrl': 'https://www.linkedin.com/feed/update/urn:li:activity:6772510223245565953?commentUrn=urn%3Ali%3Acomment%3A%28activity%3A6772510223245565953%2C6773040509125439490%29&dashCommentUrn=urn%3Ali%3Afsd_comment%3A%286773040509125439490%2Curn%3Ali%3Aactivity%3A6772510223245565953%29', 'totalReactionCount': 13192, 'likeCount': 12647, 'appreciationCount': 64, 'empathyCount': 188, 'InterestCount': 26, 'praiseCount': 240, 'maybeCount': 27, 'commentsCount': 655, 'repostsCount': 148, 'postUrl': 'https://www.linkedin.com/feed/update/urn:li:activity:6773040521817415680/', 'postedAt': '3yr', 'postedDate': '2021-03-04 00:44:57.409 +0000 UTC', 'commentedDate': '2021-03-04 00:44:54.384 +0000 UTC', 'urn': '6773040521817415680', 'author': {'firstName': 'Herbert', 'lastName': 'Diess', 'username': 'herbertdiess', 'url': 'https://www.linkedin.com/in/herbertdiess'}, 'image': [{'url': 'https://media.licdn.com/dms/image/v2/C4D22AQElbJrs_ir-eA/feedshare-shrink_2048_1536/feedshare-shrink_2048_1536/0/1614692263331?e=1733961600&v=beta&t=V-pZFySBcZD7nhEoaSS39dzJvsrLsPxLTGPVh4dvAm4'}], 'company': {}, 'article': {}}"
True,,"{'highlightedComments': ['We need concrete, practical solutions that give consumers choices while reducing emissions ‚Äì\xa0The Good Food Institute does just that. I appreciated their collaboration on our Breakthrough Energy Corporate Climate Action Playbooks.'], 'highlightedCommentsActivityCounts': [{'text': 'We need concrete, practical solutions that give consumers choices while reducing emissions ‚Äì\xa0The Good Food Institute does just that. I appreciated their collaboration on our Breakthrough Energy Corporate Climate Action Playbooks.', 'totalReactionCount': 632, 'likeCount': 563, 'appreciationCount': 4, 'empathyCount': 31, 'InterestCount': 3, 'praiseCount': 31}], 'text': ""Proud to have led The Good Food Institute's contribution to the federal climate policy playbook launched today by Bill Gates's Breakthrough Energy . Breakthrough Energy has enlisted scientists, entrepreneurs, and environmentalists to map out the most practical paths to reaching net-zero emissions by 2050, including open-access R&D for plant-based and cultivated proteins as well as GFI's other top alternative protein policy goals. Check out the playbook: https://lnkd.in/dZn3ZhP"", 'commentUrl': 'https://www.linkedin.com/feed/update/urn:li:activity:6767175247679512576?commentUrn=urn%3Ali%3Acomment%3A%28activity%3A6767175247679512576%2C6768271402400288768%29&dashCommentUrn=urn%3Ali%3Afsd_comment%3A%286768271402400288768%2Curn%3Ali%3Aactivity%3A6767175247679512576%29', 'totalReactionCount': 1406, 'likeCount': 1306, 'appreciationCount': 9, 'empathyCount': 27, 'InterestCount': 3, 'praiseCount': 60, 'maybeCount': 1, 'commentsCount': 107, 'repostsCount': 18, 'postUrl': 'https://www.linkedin.com/feed/update/urn:li:activity:6768271440488734720/', 'postedAt': '3yr', 'postedDate': '2021-02-18 20:54:19.815 +0000 UTC', 'commentedDate': '2021-02-18 20:54:10.734 +0000 UTC', 'urn': '6768271440488734720', 'author': {'firstName': 'Elizabeth', 'lastName': 'Derbes', 'username': 'elizabeth-derbes-35471518', 'url': 'https://www.linkedin.com/in/elizabeth-derbes-35471518'}, 'company': {}, 'article': {}}"
True,,"{'highlightedComments': ['Of all the things I‚Äôve learned from Warren Buffett (and there have been a lot), the most important might be what friendship is all about. Here‚Äôs why he‚Äôs a person that I admire as well as like: https://gatesnot.es/3hJPTMj'], 'highlightedCommentsActivityCounts': [{'text': 'Of all the things I‚Äôve learned from Warren Buffett (and there have been a lot), the most important might be what friendship is all about. Here‚Äôs why he‚Äôs a person that I admire as well as like: https://gatesnot.es/3hJPTMj', 'totalReactionCount': 32343, 'likeCount': 30793, 'appreciationCount': 101, 'empathyCount': 901, 'InterestCount': 33, 'praiseCount': 509, 'maybeCount': 6}], 'text': 'Happy 90th birthday, Warren!', 'commentUrl': 'https://www.linkedin.com/feed/update/urn:li:ugcPost:6705872859819999232?commentUrn=urn%3Ali%3Acomment%3A%28ugcPost%3A6705872859819999232%2C6705873787935567872%29&dashCommentUrn=urn%3Ali%3Afsd_comment%3A%286705873787935567872%2Curn%3Ali%3AugcPost%3A6705872859819999232%29', 'totalReactionCount': 838820, 'likeCount': 746270, 'appreciationCount': 3254, 'empathyCount': 51114, 'InterestCount': 824, 'praiseCount': 36712, 'funnyCount': 1, 'maybeCount': 645, 'commentsCount': 26986, 'repostsCount': 22966, 'postUrl': 'https://www.linkedin.com/feed/update/urn:li:activity:6705873843048734720/', 'postedAt': '4yr', 'postedDate': '2020-08-30 16:28:33.294 +0000 UTC', 'commentedDate': '2020-08-30 16:28:20.155 +0000 UTC', 'urn': '6705873843048734720', 'author': {'firstName': 'Bill', 'lastName': 'Gates', 'username': 'williamhgates', 'url': 'https://www.linkedin.com/in/williamhgates'}, 'video': [{'url': 'https://dms.licdn.com/playlist/vid/v2/C4D05AQHIMyMEFiVEPQ/mp4-720p-30fp-crf28/mp4-720p-30fp-crf28/0/1598804856622?e=1731495600&v=beta&t=Rc4aycfUBtVW9oooujx4GwZTOVgo6W6S3Io9fZ7f4EY', 'poster': 'https://media.licdn.com/dms/image/v2/C4D05AQHIMyMEFiVEPQ/videocover-high/videocover-high/0/1598804843288?e=1731495600&v=beta&t=WvV0auwnfBB3VPZ-x7r03Ypnqo82RHom21koBPW9JHY', 'duration': 60066}], 'company': {}, 'article': {}}"
True,,"{'highlightedComments': [""Thanks, Herbert Diess. This is exactly the dialogue we should be having. To get this right, we're going to need business leaders, entrepreneurs, policymakers, and scientists to work together to identify and implement solutions that are ambitious enough to solve this. I hope we can continue the conversation on how we can collaborate to prevent the worst impacts of climate change.""], 'highlightedCommentsActivityCounts': [{'text': ""Thanks, Herbert Diess. This is exactly the dialogue we should be having. To get this right, we're going to need business leaders, entrepreneurs, policymakers, and scientists to work together to identify and implement solutions that are ambitious enough to solve this. I hope we can continue the conversation on how we can collaborate to prevent the worst impacts of climate change."", 'totalReactionCount': 515, 'likeCount': 504, 'appreciationCount': 3, 'empathyCount': 2, 'praiseCount': 6}], 'text': 'Bill Gates, you thoroughly understand the CO2 logic of the mobility sector. You know what we have to do and you could and should advise governments how to regulate and what to promote: As you say, it‚Äôs not too complicated ‚Äì electric vehicles wherever possible:all passenger cars,most of the delivery vans,most of public transportation,carbage collection. Long haul on biofuels,2nd or 3rd generation produced out of waste or residuals - like we do at Scania Group. And you rightly do not talk about hydrogen fuel cells for the transport sector with their low efficiency and the 3 times higher energy demand compared to EVs. Synthetic fuels which are also highly energy intensive to produce will - even fully scaled up - remain very expensive but will be needed in transportation which can‚Äôt be electrified like planes.In my personal view,would be better to go ahead with motor racing:F1 becoming CO2 neutral using synthetic fuels is much more excitement,fun,racing experience,tech-competition than Formula E driving a few laps in city centers in gaming mode.All of this only makes sense if we get carbon-free electricity soon. It‚Äôs possible. But Germany‚Äôs target date to exit coal power only by 2038 is for a rich,tech-leading country by far not ambitious enough.Well thought,well written, Bill Gates!', 'commentUrl': 'https://www.linkedin.com/feed/update/urn:li:ugcPost:6704674641165742080?commentUrn=urn%3Ali%3Acomment%3A%28ugcPost%3A6704674641165742080%2C6705240414112235521%29&dashCommentUrn=urn%3Ali%3Afsd_comment%3A%286705240414112235521%2Curn%3Ali%3AugcPost%3A6704674641165742080%29', 'totalReactionCount': 3094, 'likeCount': 2962, 'appreciationCount': 4, 'empathyCount': 12, 'InterestCount': 24, 'praiseCount': 60, 'maybeCount': 32, 'commentsCount': 197, 'repostsCount': 104, 'postUrl': 'https://www.linkedin.com/feed/update/urn:li:activity:6705240458672525312/', 'postedAt': '4yr', 'postedDate': '2020-08-28 22:31:42.691 +0000 UTC', 'commentedDate': '2020-08-28 22:31:32.068 +0000 UTC', 'urn': '6705240458672525312', 'author': {'firstName': 'Herbert', 'lastName': 'Diess', 'username': 'herbertdiess', 'url': 'https://www.linkedin.com/in/herbertdiess'}, 'company': {}, 'article': {'title': 'How do we move around in a zero-carbon world?', 'subtitle': 'Bill Gates on LinkedIn ‚Ä¢ 5 min read', 'link': 'https://www.linkedin.com/pulse/how-do-we-move-around-zero-carbon-world-bill-gates?trackingId=3LWhrI9WZg9BUXgWbIuoxQ%3D%3D'}}"
True,,"{'highlightedComments': ['As we conclude our foundation‚Äôs second decade of work in global health and education, I have never been more optimistic about the opportunity to improve life for the world‚Äôs poorest. I look forward to partnering with you on the work ahead.'], 'highlightedCommentsActivityCounts': [{'text': 'As we conclude our foundation‚Äôs second decade of work in global health and education, I have never been more optimistic about the opportunity to improve life for the world‚Äôs poorest. I look forward to partnering with you on the work ahead.', 'totalReactionCount': 156, 'likeCount': 156}], 'text': ""On my first day as CEO at the Bill & Melinda Gates Foundation, I'm reflecting on the huge responsibility that comes with this job. Knowing that we at the foundation can't achieve our ambitious goals alone, I am deeply committed to building our community of partners and to ensuring that our culture at the foundation enables the impact we aspire to have. Building a community is easy to say, but I know that it will take a lot of work. So I've set myself a goal to take the extra time to connect with colleagues and partners, to listen to their experiences and ask them, and myself, the tough questions. I am especially excited to spend my first week as CEO in South Africa, where I was raised and where exposure to apartheid first instilled in me a desire to use the advantages afforded to me to help tackle injustice and inequality. I can't think of a better place to start this next chapter in my career (and I'm pretty happy that it gives me a chance to see my parents as well)."", 'commentUrl': 'https://www.linkedin.com/feed/update/urn:li:activity:6630091933526167552?commentUrn=urn%3Ali%3Acomment%3A%28activity%3A6630091933526167552%2C6630148647042506753%29&dashCommentUrn=urn%3Ali%3Afsd_comment%3A%286630148647042506753%2Curn%3Ali%3Aactivity%3A6630091933526167552%29', 'totalReactionCount': 1961, 'likeCount': 1843, 'empathyCount': 67, 'InterestCount': 3, 'praiseCount': 48, 'commentsCount': 177, 'repostsCount': 40, 'postUrl': 'https://www.linkedin.com/feed/update/urn:li:activity:6630148732186877952/', 'postedAt': '4yr', 'postedDate': '2020-02-03 17:23:59.96 +0000 UTC', 'commentedDate': '2020-02-03 17:23:39.662 +0000 UTC', 'urn': '6630148732186877952', 'author': {'firstName': 'Mark', 'lastName': 'Suzman', 'username': 'marksuzman', 'url': 'https://www.linkedin.com/in/marksuzman'}, 'image': [{'url': 'https://media.licdn.com/dms/image/v2/C5622AQGYhUj3V6T46w/feedshare-shrink_2048_1536/feedshare-shrink_2048_1536/0/1580737096366?e=1733961600&v=beta&t=0fa9LNMxbLy7Bxt7C4mHbaPvdzXdHb2CuWdCwoxiRpA'}, {'url': 'https://media.licdn.com/dms/image/v2/C5622AQHEUjU351cqxA/feedshare-shrink_2048_1536/feedshare-shrink_2048_1536/0/1580737095788?e=1733961600&v=beta&t=uBnCkDCkgrTH8dKpuF_KfZmZE9KZ4dowDQQ2mC9ZnMQ'}, {'url': 'https://media.licdn.com/dms/image/v2/C5622AQEB2PxOPgYlXA/feedshare-shrink_2048_1536/feedshare-shrink_2048_1536/0/1580737096622?e=1733961600&v=beta&t=VVy8TuGsrMh7TDgHtmOwG5LT5vE9j50_cvRhzAhKtyQ'}], 'company': {}, 'article': {}}"
True,,"{'highlightedComments': ['Congratulations Brad\xa0and Carol Ann! Your insights have never been more relevant, and I am glad others will have the chance to benefit from them too.\xa0'], 'highlightedCommentsActivityCounts': [{'text': 'Congratulations Brad\xa0and Carol Ann! Your insights have never been more relevant, and I am glad others will have the chance to benefit from them too.\xa0', 'totalReactionCount': 1889, 'likeCount': 1889}], 'text': '', 'commentUrl': 'https://www.linkedin.com/feed/update/urn:li:article:8768596886901342823?commentUrn=urn%3Ali%3Acomment%3A%28article%3A8768596886901342823%2C6577247584149131264%29&dashCommentUrn=urn%3Ali%3Afsd_comment%3A%286577247584149131264%2Curn%3Ali%3Aarticle%3A8768596886901342823%29', 'totalReactionCount': 9298, 'likeCount': 8929, 'empathyCount': 59, 'InterestCount': 122, 'praiseCount': 159, 'maybeCount': 29, 'commentsCount': 291, 'postUrl': 'https://www.linkedin.com/feed/update/urn:li:activity:6577247693494640640/', 'postedDate': '2019-09-10 17:54:09.482 +0000 UTC', 'commentedDate': '2019-09-10 17:53:43.412 +0000 UTC', 'urn': '6577247693494640640', 'author': {}, 'company': {}, 'article': {'title': 'A Look Inside Tools and Weapons: The Promise and the Peril of the Digital Age', 'subtitle': 'Brad Smith on LinkedIn', 'link': 'https://www.linkedin.com/pulse/look-inside-tools-weapons-promise-peril-digital-age-brad-smith'}}"
True,,"{'highlightedComments': ['When Paul and I founded Microsoft together, we were confident that computers would change the world. But we never could have imagined how much fun we would have along the way.'], 'highlightedCommentsActivityCounts': [{'text': 'When Paul and I founded Microsoft together, we were confident that computers would change the world. But we never could have imagined how much fun we would have along the way.', 'totalReactionCount': 15961, 'likeCount': 15961}], 'text': 'Happy Birthday, Microsoft! On April 4, 1975, Microsoft was founded in Albuquerque, New Mexico. The rest, as they say, is history.\n\n""When I talk about the early days at Microsoft, it‚Äôs hard to explain to people how much fun it was. Even with the absurd hours and arguments, we were having the time of our lives."" - Paul Allen\n\nMore: http://bit.ly/2Vg1kjI', 'commentUrl': 'https://www.linkedin.com/feed/update/urn:li:activity:6519603982892036099?commentUrn=urn%3Ali%3Acomment%3A%28activity%3A6519603982892036099%2C6519641402001936384%29&dashCommentUrn=urn%3Ali%3Afsd_comment%3A%286519641402001936384%2Curn%3Ali%3Aactivity%3A6519603982892036099%29', 'totalReactionCount': 22486, 'likeCount': 22464, 'empathyCount': 7, 'praiseCount': 15, 'commentsCount': 1149, 'repostsCount': 701, 'postUrl': 'https://www.linkedin.com/feed/update/urn:li:activity:6519641483631484928/', 'postedAt': '5yr', 'postedDate': '2019-04-04 18:47:38.779 +0000 UTC', 'commentedDate': '2019-04-04 18:47:19.317 +0000 UTC', 'urn': '6519641483631484928', 'author': {}, 'image': [{'url': 'https://media.licdn.com/dms/image/v2/C4D22AQGy_W7h_kBz9w/feedshare-shrink_2048_1536/feedshare-shrink_2048_1536/0/1573728702413?e=1733961600&v=beta&t=fAwbQMdFoqkKUsnX2MQiH5I3gbFtzeLm7waSfijIrrE'}], 'company': {'name': 'Vale Group', 'url': 'https://www.linkedin.com/company/vale-group-llc/', 'urn': 'urn:li:fsd_company:166851'}, 'article': {}}"
True,,"{'highlightedComments': ['If it contains some of your tennis secrets, I‚Äôm sure I will. Congrats on writing the book and I look forward to discussing it the next time I see you.'], 'highlightedCommentsActivityCounts': [{'text': 'If it contains some of your tennis secrets, I‚Äôm sure I will. Congrats on writing the book and I look forward to discussing it the next time I see you.', 'totalReactionCount': 133, 'likeCount': 133}], 'text': 'Even after decades of friendship, I‚Äôm still learning from Richard Branson. He‚Äôs clearly mastered the art of a great book title. #FindingMyVirginity sounds like a terrific read:\xa0http://b-gat.es/2y5ABNV', 'commentUrl': 'https://www.linkedin.com/feed/update/urn:li:activity:6322123511506751488?commentUrn=urn%3Ali%3Acomment%3A%28activity%3A6322123511506751488%2C6322125006423810048%29&replyUrn=urn%3Ali%3Acomment%3A%28activity%3A6322123511506751488%2C6322125963811442688%29&dashCommentUrn=urn%3Ali%3Afsd_comment%3A%286322125006423810048%2Curn%3Ali%3Aactivity%3A6322123511506751488%29&dashReplyUrn=urn%3Ali%3Afsd_comment%3A%286322125963811442688%2Curn%3Ali%3Aactivity%3A6322123511506751488%29', 'totalReactionCount': 80810, 'likeCount': 80806, 'empathyCount': 2, 'InterestCount': 1, 'praiseCount': 1, 'commentsCount': 1662, 'repostsCount': 2746, 'postUrl': 'https://www.linkedin.com/feed/update/urn:li:activity:6322126066966151168/', 'postedAt': '7yr', 'postedDate': '2017-10-06 17:51:53.787 +0000 UTC', 'commentedDate': '2017-10-06 17:51:29.194 +0000 UTC', 'urn': '6322126066966151168', 'author': {'firstName': 'Bill', 'lastName': 'Gates', 'username': 'williamhgates', 'url': 'https://www.linkedin.com/in/williamhgates'}, 'image': [{'url': 'https://media.licdn.com/dms/image/v2/C5122AQE7ZLCpBuZElg/feedshare-shrink_2048_1536/feedshare-shrink_2048_1536/0/1576018405877?e=1733961600&v=beta&t=3fdOwParXjdNtDBdCld-G_uer2ZJFl6k-ZPTrA5ht9s'}], 'company': {}, 'article': {}}"
